{

"metadata":
{
"sourceFile": "",
"generatedBy": "3ds max ThreeJSExporter",
"formatVersion": 3.1,
"vertices": 25,
"normals": 0,
"colors": 0,
"uvs": 0,
"triangles": 32,
"materials": 1
},

"materials": [
{
"DbgIndex" : 0,
"DbgName"  : "dummy",
"colorDiffuse"  : [1.0000, 0.0000, 0.0000],
"vertexColors" : false
}

],

"vertices": [-388.137,0.0532291,429.597,-193.523,0.0532291,429.597,1.09009,0.0532291,429.597,195.703,0.0532291,429.597,390.317,0.0532291,429.597,-388.137,0.0532291,240.991,-193.523,0.0532291,240.991,1.09009,0.0532291,240.991,195.703,0.0532291,240.991,390.317,0.0532291,240.991,-388.137,0.0532291,52.3842,-193.523,0.0532291,52.3842,1.09009,0.0532291,52.3842,195.703,0.0532291,52.3842,390.317,0.0532291,52.3842,-388.137,0.0532291,-136.222,-193.523,0.0532291,-136.222,1.09009,0.0532291,-136.222,195.703,0.0532291,-136.222,390.317,0.0532291,-136.222,-388.137,0.0532291,-324.828,-193.523,0.0532291,-324.828,1.09009,0.0532291,-324.828,195.703,0.0532291,-324.828,390.317,0.0532291,-324.828],

"normals": [],

"colors": [],

"uvs": [[]],

"faces": [2,5,0,6,0,2,1,6,0,0,2,6,1,7,0,2,2,7,1,0,2,7,2,8,0,2,3,8,2,0,2,8,3,9,0,2,4,9,3,0,2,10,5,11,0,2,6,11,5,0,2,11,6,12,0,2,7,12,6,0,2,12,7,13,0,2,8,13,7,0,2,13,8,14,0,2,9,14,8,0,2,15,10,16,0,2,11,16,10,0,2,16,11,17,0,2,12,17,11,0,2,17,12,18,0,2,13,18,12,0,2,18,13,19,0,2,14,19,13,0,2,20,15,21,0,2,16,21,15,0,2,21,16,22,0,2,17,22,16,0,2,22,17,23,0,2,18,23,17,0,2,23,18,24,0,2,19,24,18,0]

}